state,year,refugees
Alabama,1980,
Alabama,1981,
Alabama,1982,
Alabama,1983,15
Alabama,1984,14
Alabama,1985,6
Alabama,1986,
Alabama,1987,
Alabama,1988,
Alabama,1989,
Alabama,1990,
Alabama,1991,
Alabama,1992,
Alabama,1993,
Alabama,1994,
Alabama,1995,
Alabama,1996,
Alabama,1997,
Alabama,1998,
Alabama,1999,
Alabama,2000,
Alabama,2001,
Alabama,2002,10
Alabama,2003,5
Alabama,2004,
Alabama,2005,
Alabama,2006,
Alabama,2007,
Alabama,2008,
Alabama,2009,5
Alabama,2010,8
Alabama,2011,5
Alabama,2012,7
Alabama,2013,9
Alabama,2014,1
Alabama,2015,
Alabama,2016,9
Alabama,2017,9
Alabama,2018,
Alaska,1980,
Alaska,1981,
Alaska,1982,
Alaska,1983,1
Alaska,1984,6
Alaska,1985,
Alaska,1986,
Alaska,1987,
Alaska,1988,
Alaska,1989,
Alaska,1990,
Alaska,1991,
Alaska,1992,
Alaska,1993,
Alaska,1994,
Alaska,1995,
Alaska,1996,
Alaska,1997,
Alaska,1998,
Alaska,1999,
Alaska,2000,
Alaska,2001,
Alaska,2002,
Alaska,2003,
Alaska,2004,
Alaska,2005,
Alaska,2006,
Alaska,2007,
Alaska,2008,
Alaska,2009,
Alaska,2010,
Alaska,2011,
Alaska,2012,
Alaska,2013,
Alaska,2014,
Alaska,2015,
Alaska,2016,
Alaska,2017,
Alaska,2018,
Arizona,1980,4
Arizona,1981,2
Arizona,1982,5
Arizona,1983,5
Arizona,1984,1
Arizona,1985,13
Arizona,1986,31
Arizona,1987,68
Arizona,1988,74
Arizona,1989,54
Arizona,1990,
Arizona,1991,53
Arizona,1992,56
Arizona,1993,32
Arizona,1994,
Arizona,1995,
Arizona,1996,
Arizona,1997,
Arizona,1998,1
Arizona,1999,21
Arizona,2000,125
Arizona,2001,284
Arizona,2002,198
Arizona,2003,107
Arizona,2004,45
Arizona,2005,130
Arizona,2006,82
Arizona,2007,22
Arizona,2008,77
Arizona,2009,36
Arizona,2010,40
Arizona,2011,16
Arizona,2012,19
Arizona,2013,53
Arizona,2014,47
Arizona,2015,37
Arizona,2016,191
Arizona,2017,65
Arizona,2018,83
Arkansas,1980,
Arkansas,1981,13
Arkansas,1982,
Arkansas,1983,
Arkansas,1984,
Arkansas,1985,
Arkansas,1986,2
Arkansas,1987,1
Arkansas,1988,
Arkansas,1989,
Arkansas,1990,
Arkansas,1991,
Arkansas,1992,
Arkansas,1993,
Arkansas,1994,
Arkansas,1995,
Arkansas,1996,
Arkansas,1997,
Arkansas,1998,
Arkansas,1999,
Arkansas,2000,
Arkansas,2001,
Arkansas,2002,
Arkansas,2003,
Arkansas,2004,
Arkansas,2005,
Arkansas,2006,
Arkansas,2007,
Arkansas,2008,
Arkansas,2009,
Arkansas,2010,
Arkansas,2011,
Arkansas,2012,
Arkansas,2013,
Arkansas,2014,
Arkansas,2015,
Arkansas,2016,
Arkansas,2017,
Arkansas,2018,
California,1980,7
California,1981,421
California,1982,117
California,1983,800
California,1984,851
California,1985,820
California,1986,1000
California,1987,1028
California,1988,861
California,1989,609
California,1990,68
California,1991,561
California,1992,807
California,1993,241
California,1994,12
California,1995,6
California,1996,2
California,1997,3
California,1998,4
California,1999,43
California,2000,224
California,2001,309
California,2002,201
California,2003,188
California,2004,100
California,2005,48
California,2006,59
California,2007,33
California,2008,42
California,2009,64
California,2010,98
California,2011,93
California,2012,118
California,2013,163
California,2014,132
California,2015,268
California,2016,442
California,2017,106
California,2018,132
Colorado,1980,
Colorado,1981,35
Colorado,1982,7
Colorado,1983,21
Colorado,1984,18
Colorado,1985,62
Colorado,1986,30
Colorado,1987,51
Colorado,1988,28
Colorado,1989,26
Colorado,1990,
Colorado,1991,12
Colorado,1992,32
Colorado,1993,9
Colorado,1994,
Colorado,1995,
Colorado,1996,
Colorado,1997,
Colorado,1998,11
Colorado,1999,12
Colorado,2000,17
Colorado,2001,22
Colorado,2002,29
Colorado,2003,31
Colorado,2004,6
Colorado,2005,5
Colorado,2006,22
Colorado,2007,
Colorado,2008,
Colorado,2009,2
Colorado,2010,4
Colorado,2011,
Colorado,2012,
Colorado,2013,18
Colorado,2014,17
Colorado,2015,20
Colorado,2016,43
Colorado,2017,18
Colorado,2018,19
Connecticut,1980,
Connecticut,1981,13
Connecticut,1982,
Connecticut,1983,21
Connecticut,1984,12
Connecticut,1985,14
Connecticut,1986,17
Connecticut,1987,5
Connecticut,1988,2
Connecticut,1989,3
Connecticut,1990,
Connecticut,1991,
Connecticut,1992,5
Connecticut,1993,
Connecticut,1994,
Connecticut,1995,
Connecticut,1996,
Connecticut,1997,
Connecticut,1998,
Connecticut,1999,3
Connecticut,2000,49
Connecticut,2001,31
Connecticut,2002,44
Connecticut,2003,21
Connecticut,2004,7
Connecticut,2005,32
Connecticut,2006,9
Connecticut,2007,10
Connecticut,2008,
Connecticut,2009,4
Connecticut,2010,23
Connecticut,2011,8
Connecticut,2012,14
Connecticut,2013,13
Connecticut,2014,4
Connecticut,2015,11
Connecticut,2016,38
Connecticut,2017,18
Connecticut,2018,17
Delaware,1980,
Delaware,1981,
Delaware,1982,
Delaware,1983,
Delaware,1984,
Delaware,1985,
Delaware,1986,8
Delaware,1987,
Delaware,1988,
Delaware,1989,5
Delaware,1990,
Delaware,1991,
Delaware,1992,
Delaware,1993,14
Delaware,1994,
Delaware,1995,
Delaware,1996,
Delaware,1997,
Delaware,1998,
Delaware,1999,
Delaware,2000,5
Delaware,2001,7
Delaware,2002,16
Delaware,2003,
Delaware,2004,
Delaware,2005,
Delaware,2006,
Delaware,2007,
Delaware,2008,
Delaware,2009,
Delaware,2010,
Delaware,2011,
Delaware,2012,
Delaware,2013,
Delaware,2014,
Delaware,2015,
Delaware,2016,
Delaware,2017,
Delaware,2018,2
DC,1980,6
DC,1981,56
DC,1982,25
DC,1983,24
DC,1984,37
DC,1985,13
DC,1986,60
DC,1987,49
DC,1988,47
DC,1989,13
DC,1990,21
DC,1991,
DC,1992,15
DC,1993,
DC,1994,
DC,1995,
DC,1996,
DC,1997,
DC,1998,9
DC,1999,26
DC,2000,4
DC,2001,1
DC,2002,
DC,2003,7
DC,2004,
DC,2005,
DC,2006,
DC,2007,
DC,2008,
DC,2009,
DC,2010,
DC,2011,
DC,2012,
DC,2013,
DC,2014,3
DC,2015,
DC,2016,4
DC,2017,
DC,2018,
Florida,1980,
Florida,1981,29
Florida,1982,4
Florida,1983,28
Florida,1984,35
Florida,1985,12
Florida,1986,36
Florida,1987,38
Florida,1988,23
Florida,1989,45
Florida,1990,
Florida,1991,6
Florida,1992,
Florida,1993,4
Florida,1994,
Florida,1995,
Florida,1996,
Florida,1997,
Florida,1998,
Florida,1999,16
Florida,2000,86
Florida,2001,144
Florida,2002,81
Florida,2003,31
Florida,2004,51
Florida,2005,35
Florida,2006,1
Florida,2007,8
Florida,2008,8
Florida,2009,9
Florida,2010,8
Florida,2011,3
Florida,2012,36
Florida,2013,17
Florida,2014,
Florida,2015,19
Florida,2016,77
Florida,2017,10
Florida,2018,7
Georgia,1980,2
Georgia,1981,14
Georgia,1982,6
Georgia,1983,70
Georgia,1984,40
Georgia,1985,35
Georgia,1986,72
Georgia,1987,58
Georgia,1988,54
Georgia,1989,77
Georgia,1990,14
Georgia,1991,45
Georgia,1992,72
Georgia,1993,75
Georgia,1994,
Georgia,1995,
Georgia,1996,
Georgia,1997,
Georgia,1998,8
Georgia,1999,60
Georgia,2000,121
Georgia,2001,137
Georgia,2002,92
Georgia,2003,67
Georgia,2004,33
Georgia,2005,74
Georgia,2006,48
Georgia,2007,9
Georgia,2008,29
Georgia,2009,16
Georgia,2010,67
Georgia,2011,27
Georgia,2012,49
Georgia,2013,25
Georgia,2014,32
Georgia,2015,37
Georgia,2016,119
Georgia,2017,38
Georgia,2018,34
Hawaii,1980,
Hawaii,1981,5
Hawaii,1982,20
Hawaii,1983,17
Hawaii,1984,11
Hawaii,1985,
Hawaii,1986,
Hawaii,1987,2
Hawaii,1988,1
Hawaii,1989,
Hawaii,1990,
Hawaii,1991,
Hawaii,1992,
Hawaii,1993,
Hawaii,1994,
Hawaii,1995,
Hawaii,1996,
Hawaii,1997,
Hawaii,1998,
Hawaii,1999,
Hawaii,2000,
Hawaii,2001,
Hawaii,2002,
Hawaii,2003,
Hawaii,2004,
Hawaii,2005,
Hawaii,2006,
Hawaii,2007,
Hawaii,2008,
Hawaii,2009,
Hawaii,2010,
Hawaii,2011,
Hawaii,2012,
Hawaii,2013,
Hawaii,2014,
Hawaii,2015,
Hawaii,2016,
Hawaii,2017,
Hawaii,2018,
Idaho,1980,
Idaho,1981,
Idaho,1982,
Idaho,1983,
Idaho,1984,
Idaho,1985,
Idaho,1986,
Idaho,1987,
Idaho,1988,
Idaho,1989,
Idaho,1990,
Idaho,1991,
Idaho,1992,8
Idaho,1993,
Idaho,1994,
Idaho,1995,
Idaho,1996,
Idaho,1997,
Idaho,1998,
Idaho,1999,
Idaho,2000,48
Idaho,2001,151
Idaho,2002,100
Idaho,2003,63
Idaho,2004,28
Idaho,2005,29
Idaho,2006,29
Idaho,2007,33
Idaho,2008,94
Idaho,2009,49
Idaho,2010,45
Idaho,2011,19
Idaho,2012,35
Idaho,2013,29
Idaho,2014,17
Idaho,2015,26
Idaho,2016,75
Idaho,2017,4
Idaho,2018,6
Illinois,1980,
Illinois,1981,14
Illinois,1982,
Illinois,1983,43
Illinois,1984,69
Illinois,1985,39
Illinois,1986,28
Illinois,1987,54
Illinois,1988,32
Illinois,1989,31
Illinois,1990,
Illinois,1991,2
Illinois,1992,16
Illinois,1993,6
Illinois,1994,
Illinois,1995,
Illinois,1996,
Illinois,1997,
Illinois,1998,
Illinois,1999,14
Illinois,2000,53
Illinois,2001,66
Illinois,2002,75
Illinois,2003,66
Illinois,2004,20
Illinois,2005,10
Illinois,2006,1
Illinois,2007,5
Illinois,2008,5
Illinois,2009,
Illinois,2010,3
Illinois,2011,7
Illinois,2012,30
Illinois,2013,11
Illinois,2014,43
Illinois,2015,48
Illinois,2016,123
Illinois,2017,33
Illinois,2018,27
Indiana,1980,
Indiana,1981,14
Indiana,1982,1
Indiana,1983,20
Indiana,1984,4
Indiana,1985,8
Indiana,1986,17
Indiana,1987,
Indiana,1988,7
Indiana,1989,6
Indiana,1990,
Indiana,1991,
Indiana,1992,6
Indiana,1993,7
Indiana,1994,
Indiana,1995,
Indiana,1996,
Indiana,1997,
Indiana,1998,1
Indiana,1999,7
Indiana,2000,19
Indiana,2001,43
Indiana,2002,26
Indiana,2003,32
Indiana,2004,5
Indiana,2005,8
Indiana,2006,1
Indiana,2007,
Indiana,2008,
Indiana,2009,1
Indiana,2010,4
Indiana,2011,6
Indiana,2012,3
Indiana,2013,
Indiana,2014,12
Indiana,2015,
Indiana,2016,6
Indiana,2017,11
Indiana,2018,
Iowa,1980,
Iowa,1981,3
Iowa,1982,
Iowa,1983,
Iowa,1984,3
Iowa,1985,
Iowa,1986,
Iowa,1987,
Iowa,1988,
Iowa,1989,
Iowa,1990,
Iowa,1991,
Iowa,1992,
Iowa,1993,
Iowa,1994,
Iowa,1995,
Iowa,1996,
Iowa,1997,
Iowa,1998,
Iowa,1999,6
Iowa,2000,5
Iowa,2001,19
Iowa,2002,45
Iowa,2003,
Iowa,2004,11
Iowa,2005,13
Iowa,2006,16
Iowa,2007,1
Iowa,2008,
Iowa,2009,
Iowa,2010,
Iowa,2011,
Iowa,2012,
Iowa,2013,
Iowa,2014,
Iowa,2015,
Iowa,2016,
Iowa,2017,7
Iowa,2018,
Kansas,1980,
Kansas,1981,16
Kansas,1982,
Kansas,1983,36
Kansas,1984,4
Kansas,1985,4
Kansas,1986,13
Kansas,1987,16
Kansas,1988,
Kansas,1989,9
Kansas,1990,9
Kansas,1991,
Kansas,1992,
Kansas,1993,
Kansas,1994,
Kansas,1995,
Kansas,1996,
Kansas,1997,
Kansas,1998,
Kansas,1999,8
Kansas,2000,11
Kansas,2001,11
Kansas,2002,24
Kansas,2003,6
Kansas,2004,
Kansas,2005,3
Kansas,2006,
Kansas,2007,
Kansas,2008,
Kansas,2009,
Kansas,2010,
Kansas,2011,
Kansas,2012,
Kansas,2013,
Kansas,2014,
Kansas,2015,6
Kansas,2016,20
Kansas,2017,
Kansas,2018,10
Kentucky,1980,
Kentucky,1981,
Kentucky,1982,
Kentucky,1983,8
Kentucky,1984,13
Kentucky,1985,4
Kentucky,1986,4
Kentucky,1987,3
Kentucky,1988,3
Kentucky,1989,
Kentucky,1990,
Kentucky,1991,
Kentucky,1992,
Kentucky,1993,
Kentucky,1994,
Kentucky,1995,
Kentucky,1996,
Kentucky,1997,
Kentucky,1998,2
Kentucky,1999,5
Kentucky,2000,
Kentucky,2001,12
Kentucky,2002,25
Kentucky,2003,12
Kentucky,2004,4
Kentucky,2005,6
Kentucky,2006,13
Kentucky,2007,
Kentucky,2008,
Kentucky,2009,
Kentucky,2010,5
Kentucky,2011,11
Kentucky,2012,23
Kentucky,2013,27
Kentucky,2014,5
Kentucky,2015,14
Kentucky,2016,32
Kentucky,2017,1
Kentucky,2018,
Louisiana,1980,
Louisiana,1981,
Louisiana,1982,
Louisiana,1983,6
Louisiana,1984,15
Louisiana,1985,11
Louisiana,1986,2
Louisiana,1987,
Louisiana,1988,
Louisiana,1989,
Louisiana,1990,
Louisiana,1991,
Louisiana,1992,
Louisiana,1993,
Louisiana,1994,
Louisiana,1995,
Louisiana,1996,
Louisiana,1997,
Louisiana,1998,6
Louisiana,1999,12
Louisiana,2000,
Louisiana,2001,47
Louisiana,2002,25
Louisiana,2003,25
Louisiana,2004,38
Louisiana,2005,7
Louisiana,2006,1
Louisiana,2007,
Louisiana,2008,1
Louisiana,2009,
Louisiana,2010,15
Louisiana,2011,
Louisiana,2012,2
Louisiana,2013,
Louisiana,2014,9
Louisiana,2015,6
Louisiana,2016,13
Louisiana,2017,
Louisiana,2018,
Maine,1980,
Maine,1981,
Maine,1982,15
Maine,1983,77
Maine,1984,43
Maine,1985,32
Maine,1986,12
Maine,1987,28
Maine,1988,13
Maine,1989,22
Maine,1990,2
Maine,1991,14
Maine,1992,31
Maine,1993,21
Maine,1994,
Maine,1995,
Maine,1996,
Maine,1997,
Maine,1998,3
Maine,1999,
Maine,2000,8
Maine,2001,7
Maine,2002,4
Maine,2003,
Maine,2004,1
Maine,2005,
Maine,2006,
Maine,2007,
Maine,2008,
Maine,2009,
Maine,2010,3
Maine,2011,
Maine,2012,3
Maine,2013,12
Maine,2014,2
Maine,2015,3
Maine,2016,28
Maine,2017,
Maine,2018,
Maryland,1980,
Maryland,1981,20
Maryland,1982,6
Maryland,1983,46
Maryland,1984,47
Maryland,1985,76
Maryland,1986,70
Maryland,1987,73
Maryland,1988,46
Maryland,1989,22
Maryland,1990,5
Maryland,1991,9
Maryland,1992,21
Maryland,1993,6
Maryland,1994,
Maryland,1995,
Maryland,1996,
Maryland,1997,
Maryland,1998,
Maryland,1999,6
Maryland,2000,10
Maryland,2001,16
Maryland,2002,20
Maryland,2003,18
Maryland,2004,15
Maryland,2005,3
Maryland,2006,10
Maryland,2007,4
Maryland,2008,3
Maryland,2009,
Maryland,2010,6
Maryland,2011,
Maryland,2012,1
Maryland,2013,7
Maryland,2014,9
Maryland,2015,19
Maryland,2016,55
Maryland,2017,26
Maryland,2018,17
Massachusetts,1980,
Massachusetts,1981,5
Massachusetts,1982,1
Massachusetts,1983,8
Massachusetts,1984,16
Massachusetts,1985,16
Massachusetts,1986,12
Massachusetts,1987,15
Massachusetts,1988,12
Massachusetts,1989,16
Massachusetts,1990,
Massachusetts,1991,1
Massachusetts,1992,11
Massachusetts,1993,4
Massachusetts,1994,
Massachusetts,1995,
Massachusetts,1996,
Massachusetts,1997,
Massachusetts,1998,
Massachusetts,1999,12
Massachusetts,2000,117
Massachusetts,2001,94
Massachusetts,2002,60
Massachusetts,2003,50
Massachusetts,2004,58
Massachusetts,2005,10
Massachusetts,2006,9
Massachusetts,2007,
Massachusetts,2008,4
Massachusetts,2009,5
Massachusetts,2010,14
Massachusetts,2011,2
Massachusetts,2012,6
Massachusetts,2013,6
Massachusetts,2014,18
Massachusetts,2015,32
Massachusetts,2016,33
Massachusetts,2017,10
Massachusetts,2018,16
Michigan,1980,
Michigan,1981,14
Michigan,1982,
Michigan,1983,10
Michigan,1984,9
Michigan,1985,9
Michigan,1986,9
Michigan,1987,3
Michigan,1988,9
Michigan,1989,
Michigan,1990,
Michigan,1991,
Michigan,1992,2
Michigan,1993,6
Michigan,1994,
Michigan,1995,
Michigan,1996,
Michigan,1997,
Michigan,1998,9
Michigan,1999,1
Michigan,2000,28
Michigan,2001,119
Michigan,2002,49
Michigan,2003,34
Michigan,2004,40
Michigan,2005,26
Michigan,2006,15
Michigan,2007,5
Michigan,2008,8
Michigan,2009,1
Michigan,2010,9
Michigan,2011,2
Michigan,2012,2
Michigan,2013,11
Michigan,2014,6
Michigan,2015,61
Michigan,2016,207
Michigan,2017,36
Michigan,2018,40
Minnesota,1980,
Minnesota,1981,28
Minnesota,1982,9
Minnesota,1983,11
Minnesota,1984,33
Minnesota,1985,20
Minnesota,1986,25
Minnesota,1987,25
Minnesota,1988,19
Minnesota,1989,11
Minnesota,1990,5
Minnesota,1991,16
Minnesota,1992,
Minnesota,1993,
Minnesota,1994,
Minnesota,1995,
Minnesota,1996,
Minnesota,1997,
Minnesota,1998,
Minnesota,1999,
Minnesota,2000,5
Minnesota,2001,
Minnesota,2002,2
Minnesota,2003,1
Minnesota,2004,
Minnesota,2005,
Minnesota,2006,
Minnesota,2007,6
Minnesota,2008,
Minnesota,2009,
Minnesota,2010,1
Minnesota,2011,
Minnesota,2012,
Minnesota,2013,
Minnesota,2014,
Minnesota,2015,
Minnesota,2016,3
Minnesota,2017,
Minnesota,2018,
Mississippi,1980,
Mississippi,1981,8
Mississippi,1982,5
Mississippi,1983,
Mississippi,1984,
Mississippi,1985,
Mississippi,1986,
Mississippi,1987,
Mississippi,1988,
Mississippi,1989,
Mississippi,1990,
Mississippi,1991,
Mississippi,1992,
Mississippi,1993,
Mississippi,1994,
Mississippi,1995,
Mississippi,1996,
Mississippi,1997,
Mississippi,1998,
Mississippi,1999,
Mississippi,2000,
Mississippi,2001,8
Mississippi,2002,
Mississippi,2003,
Mississippi,2004,
Mississippi,2005,
Mississippi,2006,
Mississippi,2007,
Mississippi,2008,
Mississippi,2009,8
Mississippi,2010,
Mississippi,2011,
Mississippi,2012,3
Mississippi,2013,
Mississippi,2014,
Mississippi,2015,6
Mississippi,2016,5
Mississippi,2017,
Mississippi,2018,
Missouri,1980,
Missouri,1981,6
Missouri,1982,1
Missouri,1983,32
Missouri,1984,16
Missouri,1985,21
Missouri,1986,23
Missouri,1987,1
Missouri,1988,12
Missouri,1989,11
Missouri,1990,
Missouri,1991,28
Missouri,1992,26
Missouri,1993,15
Missouri,1994,
Missouri,1995,
Missouri,1996,
Missouri,1997,
Missouri,1998,6
Missouri,1999,78
Missouri,2000,165
Missouri,2001,176
Missouri,2002,137
Missouri,2003,62
Missouri,2004,54
Missouri,2005,62
Missouri,2006,48
Missouri,2007,12
Missouri,2008,10
Missouri,2009,2
Missouri,2010,9
Missouri,2011,2
Missouri,2012,4
Missouri,2013,6
Missouri,2014,20
Missouri,2015,9
Missouri,2016,85
Missouri,2017,20
Missouri,2018,11
Nebraska,1980,
Nebraska,1981,43
Nebraska,1982,
Nebraska,1983,48
Nebraska,1984,43
Nebraska,1985,29
Nebraska,1986,17
Nebraska,1987,9
Nebraska,1988,17
Nebraska,1989,26
Nebraska,1990,
Nebraska,1991,10
Nebraska,1992,16
Nebraska,1993,17
Nebraska,1994,
Nebraska,1995,
Nebraska,1996,
Nebraska,1997,
Nebraska,1998,
Nebraska,1999,10
Nebraska,2000,42
Nebraska,2001,89
Nebraska,2002,13
Nebraska,2003,7
Nebraska,2004,8
Nebraska,2005,
Nebraska,2006,1
Nebraska,2007,
Nebraska,2008,
Nebraska,2009,
Nebraska,2010,
Nebraska,2011,
Nebraska,2012,
Nebraska,2013,
Nebraska,2014,
Nebraska,2015,
Nebraska,2016,17
Nebraska,2017,
Nebraska,2018,10
Nevada,1980,
Nevada,1981,1
Nevada,1982,1
Nevada,1983,24
Nevada,1984,24
Nevada,1985,4
Nevada,1986,15
Nevada,1987,21
Nevada,1988,13
Nevada,1989,18
Nevada,1990,11
Nevada,1991,7
Nevada,1992,
Nevada,1993,3
Nevada,1994,
Nevada,1995,
Nevada,1996,
Nevada,1997,
Nevada,1998,1
Nevada,1999,
Nevada,2000,13
Nevada,2001,20
Nevada,2002,
Nevada,2003,13
Nevada,2004,1
Nevada,2005,
Nevada,2006,3
Nevada,2007,3
Nevada,2008,3
Nevada,2009,9
Nevada,2010,
Nevada,2011,
Nevada,2012,
Nevada,2013,1
Nevada,2014,
Nevada,2015,19
Nevada,2016,26
Nevada,2017,26
Nevada,2018,18
New Hampshire,1980,
New Hampshire,1981,
New Hampshire,1982,
New Hampshire,1983,
New Hampshire,1984,
New Hampshire,1985,10
New Hampshire,1986,
New Hampshire,1987,
New Hampshire,1988,
New Hampshire,1989,
New Hampshire,1990,
New Hampshire,1991,
New Hampshire,1992,
New Hampshire,1993,
New Hampshire,1994,
New Hampshire,1995,
New Hampshire,1996,
New Hampshire,1997,
New Hampshire,1998,
New Hampshire,1999,4
New Hampshire,2000,
New Hampshire,2001,19
New Hampshire,2002,19
New Hampshire,2003,37
New Hampshire,2004,9
New Hampshire,2005,9
New Hampshire,2006,
New Hampshire,2007,3
New Hampshire,2008,
New Hampshire,2009,
New Hampshire,2010,1
New Hampshire,2011,
New Hampshire,2012,
New Hampshire,2013,
New Hampshire,2014,
New Hampshire,2015,
New Hampshire,2016,5
New Hampshire,2017,
New Hampshire,2018,
New Jersey,1980,
New Jersey,1981,39
New Jersey,1982,12
New Jersey,1983,69
New Jersey,1984,65
New Jersey,1985,62
New Jersey,1986,64
New Jersey,1987,96
New Jersey,1988,44
New Jersey,1989,47
New Jersey,1990,12
New Jersey,1991,5
New Jersey,1992,22
New Jersey,1993,8
New Jersey,1994,
New Jersey,1995,
New Jersey,1996,
New Jersey,1997,
New Jersey,1998,
New Jersey,1999,26
New Jersey,2000,23
New Jersey,2001,32
New Jersey,2002,22
New Jersey,2003,21
New Jersey,2004,8
New Jersey,2005,1
New Jersey,2006,
New Jersey,2007,
New Jersey,2008,11
New Jersey,2009,
New Jersey,2010,2
New Jersey,2011,5
New Jersey,2012,
New Jersey,2013,5
New Jersey,2014,
New Jersey,2015,9
New Jersey,2016,22
New Jersey,2017,6
New Jersey,2018,
New Mexico,1980,
New Mexico,1981,7
New Mexico,1982,
New Mexico,1983,10
New Mexico,1984,1
New Mexico,1985,9
New Mexico,1986,10
New Mexico,1987,13
New Mexico,1988,9
New Mexico,1989,
New Mexico,1990,
New Mexico,1991,
New Mexico,1992,2
New Mexico,1993,
New Mexico,1994,
New Mexico,1995,
New Mexico,1996,
New Mexico,1997,
New Mexico,1998,
New Mexico,1999,10
New Mexico,2000,5
New Mexico,2001,27
New Mexico,2002,24
New Mexico,2003,1
New Mexico,2004,2
New Mexico,2005,
New Mexico,2006,1
New Mexico,2007,
New Mexico,2008,
New Mexico,2009,
New Mexico,2010,
New Mexico,2011,7
New Mexico,2012,6
New Mexico,2013,31
New Mexico,2014,4
New Mexico,2015,70
New Mexico,2016,71
New Mexico,2017,
New Mexico,2018,15
New York,1980,21
New York,1981,401
New York,1982,51
New York,1983,495
New York,1984,456
New York,1985,402
New York,1986,456
New York,1987,412
New York,1988,473
New York,1989,240
New York,1990,10
New York,1991,119
New York,1992,208
New York,1993,79
New York,1994,6
New York,1995,2
New York,1996,2
New York,1997,
New York,1998,
New York,1999,19
New York,2000,139
New York,2001,75
New York,2002,90
New York,2003,61
New York,2004,47
New York,2005,50
New York,2006,78
New York,2007,20
New York,2008,59
New York,2009,15
New York,2010,21
New York,2011,12
New York,2012,46
New York,2013,57
New York,2014,79
New York,2015,78
New York,2016,338
New York,2017,76
New York,2018,55
North Carolina,1980,
North Carolina,1981,32
North Carolina,1982,
North Carolina,1983,17
North Carolina,1984,15
North Carolina,1985,8
North Carolina,1986,17
North Carolina,1987,26
North Carolina,1988,2
North Carolina,1989,10
North Carolina,1990,
North Carolina,1991,
North Carolina,1992,11
North Carolina,1993,4
North Carolina,1994,
North Carolina,1995,
North Carolina,1996,
North Carolina,1997,
North Carolina,1998,
North Carolina,1999,
North Carolina,2000,5
North Carolina,2001,3
North Carolina,2002,
North Carolina,2003,1
North Carolina,2004,
North Carolina,2005,
North Carolina,2006,
North Carolina,2007,
North Carolina,2008,15
North Carolina,2009,2
North Carolina,2010,4
North Carolina,2011,15
North Carolina,2012,26
North Carolina,2013,14
North Carolina,2014,29
North Carolina,2015,46
North Carolina,2016,142
North Carolina,2017,36
North Carolina,2018,18
North Dakota,1980,
North Dakota,1981,8
North Dakota,1982,
North Dakota,1983,
North Dakota,1984,
North Dakota,1985,
North Dakota,1986,
North Dakota,1987,
North Dakota,1988,
North Dakota,1989,
North Dakota,1990,
North Dakota,1991,16
North Dakota,1992,11
North Dakota,1993,
North Dakota,1994,
North Dakota,1995,
North Dakota,1996,
North Dakota,1997,
North Dakota,1998,4
North Dakota,1999,23
North Dakota,2000,5
North Dakota,2001,
North Dakota,2002,5
North Dakota,2003,
North Dakota,2004,2
North Dakota,2005,
North Dakota,2006,
North Dakota,2007,
North Dakota,2008,
North Dakota,2009,6
North Dakota,2010,
North Dakota,2011,5
North Dakota,2012,
North Dakota,2013,
North Dakota,2014,7
North Dakota,2015,2
North Dakota,2016,8
North Dakota,2017,
North Dakota,2018,10
Ohio,1980,
Ohio,1981,32
Ohio,1982,
Ohio,1983,4
Ohio,1984,8
Ohio,1985,2
Ohio,1986,18
Ohio,1987,5
Ohio,1988,9
Ohio,1989,2
Ohio,1990,
Ohio,1991,
Ohio,1992,9
Ohio,1993,5
Ohio,1994,
Ohio,1995,
Ohio,1996,
Ohio,1997,
Ohio,1998,
Ohio,1999,
Ohio,2000,
Ohio,2001,23
Ohio,2002,41
Ohio,2003,10
Ohio,2004,1
Ohio,2005,2
Ohio,2006,6
Ohio,2007,15
Ohio,2008,
Ohio,2009,1
Ohio,2010,2
Ohio,2011,16
Ohio,2012,7
Ohio,2013,3
Ohio,2014,9
Ohio,2015,39
Ohio,2016,147
Ohio,2017,21
Ohio,2018,25
Oklahoma,1980,
Oklahoma,1981,3
Oklahoma,1982,
Oklahoma,1983,3
Oklahoma,1984,10
Oklahoma,1985,2
Oklahoma,1986,8
Oklahoma,1987,5
Oklahoma,1988,4
Oklahoma,1989,
Oklahoma,1990,
Oklahoma,1991,
Oklahoma,1992,1
Oklahoma,1993,
Oklahoma,1994,
Oklahoma,1995,
Oklahoma,1996,
Oklahoma,1997,
Oklahoma,1998,
Oklahoma,1999,
Oklahoma,2000,
Oklahoma,2001,5
Oklahoma,2002,2
Oklahoma,2003,13
Oklahoma,2004,1
Oklahoma,2005,
Oklahoma,2006,
Oklahoma,2007,2
Oklahoma,2008,7
Oklahoma,2009,4
Oklahoma,2010,
Oklahoma,2011,
Oklahoma,2012,
Oklahoma,2013,10
Oklahoma,2014,
Oklahoma,2015,
Oklahoma,2016,
Oklahoma,2017,
Oklahoma,2018,
Oregon,1980,3
Oregon,1981,27
Oregon,1982,
Oregon,1983,15
Oregon,1984,16
Oregon,1985,22
Oregon,1986,6
Oregon,1987,6
Oregon,1988,13
Oregon,1989,23
Oregon,1990,
Oregon,1991,9
Oregon,1992,65
Oregon,1993,3
Oregon,1994,
Oregon,1995,
Oregon,1996,
Oregon,1997,
Oregon,1998,4
Oregon,1999,8
Oregon,2000,35
Oregon,2001,28
Oregon,2002,20
Oregon,2003,7
Oregon,2004,15
Oregon,2005,
Oregon,2006,6
Oregon,2007,10
Oregon,2008,17
Oregon,2009,11
Oregon,2010,17
Oregon,2011,26
Oregon,2012,13
Oregon,2013,11
Oregon,2014,23
Oregon,2015,16
Oregon,2016,23
Oregon,2017,9
Oregon,2018,3
Pennsylvania,1980,20
Pennsylvania,1981,71
Pennsylvania,1982,
Pennsylvania,1983,16
Pennsylvania,1984,27
Pennsylvania,1985,29
Pennsylvania,1986,50
Pennsylvania,1987,44
Pennsylvania,1988,15
Pennsylvania,1989,33
Pennsylvania,1990,3
Pennsylvania,1991,27
Pennsylvania,1992,28
Pennsylvania,1993,11
Pennsylvania,1994,
Pennsylvania,1995,
Pennsylvania,1996,5
Pennsylvania,1997,
Pennsylvania,1998,7
Pennsylvania,1999,
Pennsylvania,2000,
Pennsylvania,2001,38
Pennsylvania,2002,45
Pennsylvania,2003,30
Pennsylvania,2004,14
Pennsylvania,2005,6
Pennsylvania,2006,4
Pennsylvania,2007,45
Pennsylvania,2008,73
Pennsylvania,2009,37
Pennsylvania,2010,6
Pennsylvania,2011,6
Pennsylvania,2012,6
Pennsylvania,2013,16
Pennsylvania,2014,4
Pennsylvania,2015,54
Pennsylvania,2016,21
Pennsylvania,2017,14
Pennsylvania,2018,10
Rhode Island,1980,
Rhode Island,1981,
Rhode Island,1982,
Rhode Island,1983,1
Rhode Island,1984,
Rhode Island,1985,
Rhode Island,1986,
Rhode Island,1987,
Rhode Island,1988,
Rhode Island,1989,
Rhode Island,1990,
Rhode Island,1991,
Rhode Island,1992,
Rhode Island,1993,
Rhode Island,1994,
Rhode Island,1995,
Rhode Island,1996,
Rhode Island,1997,
Rhode Island,1998,
Rhode Island,1999,
Rhode Island,2000,
Rhode Island,2001,
Rhode Island,2002,
Rhode Island,2003,
Rhode Island,2004,
Rhode Island,2005,
Rhode Island,2006,
Rhode Island,2007,
Rhode Island,2008,
Rhode Island,2009,
Rhode Island,2010,
Rhode Island,2011,5
Rhode Island,2012,
Rhode Island,2013,
Rhode Island,2014,
Rhode Island,2015,7
Rhode Island,2016,10
Rhode Island,2017,1
Rhode Island,2018,4
South Carolina,1980,
South Carolina,1981,1
South Carolina,1982,
South Carolina,1983,4
South Carolina,1984,3
South Carolina,1985,5
South Carolina,1986,7
South Carolina,1987,
South Carolina,1988,4
South Carolina,1989,
South Carolina,1990,
South Carolina,1991,
South Carolina,1992,
South Carolina,1993,
South Carolina,1994,
South Carolina,1995,
South Carolina,1996,
South Carolina,1997,
South Carolina,1998,
South Carolina,1999,5
South Carolina,2000,
South Carolina,2001,3
South Carolina,2002,2
South Carolina,2003,
South Carolina,2004,
South Carolina,2005,4
South Carolina,2006,
South Carolina,2007,
South Carolina,2008,
South Carolina,2009,1
South Carolina,2010,10
South Carolina,2011,1
South Carolina,2012,
South Carolina,2013,
South Carolina,2014,4
South Carolina,2015,
South Carolina,2016,5
South Carolina,2017,14
South Carolina,2018,4
South Dakota,1980,
South Dakota,1981,
South Dakota,1982,4
South Dakota,1983,8
South Dakota,1984,1
South Dakota,1985,1
South Dakota,1986,9
South Dakota,1987,1
South Dakota,1988,
South Dakota,1989,14
South Dakota,1990,
South Dakota,1991,5
South Dakota,1992,
South Dakota,1993,
South Dakota,1994,
South Dakota,1995,
South Dakota,1996,
South Dakota,1997,
South Dakota,1998,
South Dakota,1999,
South Dakota,2000,
South Dakota,2001,20
South Dakota,2002,24
South Dakota,2003,9
South Dakota,2004,3
South Dakota,2005,
South Dakota,2006,
South Dakota,2007,
South Dakota,2008,3
South Dakota,2009,
South Dakota,2010,1
South Dakota,2011,1
South Dakota,2012,
South Dakota,2013,
South Dakota,2014,
South Dakota,2015,
South Dakota,2016,
South Dakota,2017,
South Dakota,2018,
Tennessee,1980,
Tennessee,1981,16
Tennessee,1982,1
Tennessee,1983,16
Tennessee,1984,7
Tennessee,1985,29
Tennessee,1986,2
Tennessee,1987,24
Tennessee,1988,46
Tennessee,1989,48
Tennessee,1990,
Tennessee,1991,
Tennessee,1992,10
Tennessee,1993,
Tennessee,1994,
Tennessee,1995,
Tennessee,1996,
Tennessee,1997,
Tennessee,1998,
Tennessee,1999,4
Tennessee,2000,23
Tennessee,2001,19
Tennessee,2002,34
Tennessee,2003,19
Tennessee,2004,19
Tennessee,2005,15
Tennessee,2006,
Tennessee,2007,19
Tennessee,2008,8
Tennessee,2009,
Tennessee,2010,5
Tennessee,2011,4
Tennessee,2012,
Tennessee,2013,
Tennessee,2014,3
Tennessee,2015,7
Tennessee,2016,58
Tennessee,2017,10
Tennessee,2018,6
Texas,1980,
Texas,1981,58
Texas,1982,16
Texas,1983,76
Texas,1984,80
Texas,1985,84
Texas,1986,128
Texas,1987,164
Texas,1988,28
Texas,1989,44
Texas,1990,7
Texas,1991,20
Texas,1992,25
Texas,1993,3
Texas,1994,
Texas,1995,
Texas,1996,
Texas,1997,
Texas,1998,
Texas,1999,8
Texas,2000,137
Texas,2001,250
Texas,2002,183
Texas,2003,99
Texas,2004,67
Texas,2005,107
Texas,2006,83
Texas,2007,48
Texas,2008,19
Texas,2009,21
Texas,2010,34
Texas,2011,33
Texas,2012,32
Texas,2013,47
Texas,2014,84
Texas,2015,64
Texas,2016,237
Texas,2017,67
Texas,2018,52
Utah,1980,
Utah,1981,5
Utah,1982,
Utah,1983,6
Utah,1984,2
Utah,1985,1
Utah,1986,3
Utah,1987,
Utah,1988,7
Utah,1989,
Utah,1990,
Utah,1991,
Utah,1992,25
Utah,1993,3
Utah,1994,
Utah,1995,2
Utah,1996,
Utah,1997,
Utah,1998,
Utah,1999,10
Utah,2000,28
Utah,2001,52
Utah,2002,52
Utah,2003,41
Utah,2004,
Utah,2005,12
Utah,2006,3
Utah,2007,
Utah,2008,7
Utah,2009,
Utah,2010,6
Utah,2011,10
Utah,2012,22
Utah,2013,12
Utah,2014,30
Utah,2015,16
Utah,2016,30
Utah,2017,14
Utah,2018,4
Vermont,1980,
Vermont,1981,
Vermont,1982,
Vermont,1983,
Vermont,1984,
Vermont,1985,
Vermont,1986,
Vermont,1987,
Vermont,1988,
Vermont,1989,
Vermont,1990,
Vermont,1991,
Vermont,1992,
Vermont,1993,
Vermont,1994,
Vermont,1995,
Vermont,1996,
Vermont,1997,
Vermont,1998,8
Vermont,1999,
Vermont,2000,
Vermont,2001,13
Vermont,2002,10
Vermont,2003,
Vermont,2004,
Vermont,2005,
Vermont,2006,
Vermont,2007,
Vermont,2008,
Vermont,2009,
Vermont,2010,
Vermont,2011,
Vermont,2012,
Vermont,2013,
Vermont,2014,
Vermont,2015,
Vermont,2016,
Vermont,2017,
Vermont,2018,
Virginia,1980,
Virginia,1981,235
Virginia,1982,35
Virginia,1983,323
Virginia,1984,294
Virginia,1985,253
Virginia,1986,236
Virginia,1987,272
Virginia,1988,231
Virginia,1989,200
Virginia,1990,9
Virginia,1991,115
Virginia,1992,112
Virginia,1993,62
Virginia,1994,
Virginia,1995,
Virginia,1996,
Virginia,1997,1
Virginia,1998,
Virginia,1999,62
Virginia,2000,174
Virginia,2001,206
Virginia,2002,86
Virginia,2003,106
Virginia,2004,59
Virginia,2005,42
Virginia,2006,49
Virginia,2007,45
Virginia,2008,62
Virginia,2009,17
Virginia,2010,34
Virginia,2011,26
Virginia,2012,26
Virginia,2013,56
Virginia,2014,22
Virginia,2015,78
Virginia,2016,115
Virginia,2017,75
Virginia,2018,47
Washington,1980,
Washington,1981,15
Washington,1982,9
Washington,1983,15
Washington,1984,38
Washington,1985,24
Washington,1986,61
Washington,1987,51
Washington,1988,43
Washington,1989,48
Washington,1990,
Washington,1991,31
Washington,1992,69
Washington,1993,20
Washington,1994,
Washington,1995,
Washington,1996,
Washington,1997,2
Washington,1998,3
Washington,1999,11
Washington,2000,39
Washington,2001,54
Washington,2002,50
Washington,2003,37
Washington,2004,11
Washington,2005,18
Washington,2006,11
Washington,2007,13
Washington,2008,7
Washington,2009,12
Washington,2010,15
Washington,2011,18
Washington,2012,26
Washington,2013,7
Washington,2014,21
Washington,2015,31
Washington,2016,21
Washington,2017,23
Washington,2018,7
West Virginia,1980,
West Virginia,1981,
West Virginia,1982,
West Virginia,1983,2
West Virginia,1984,6
West Virginia,1985,
West Virginia,1986,
West Virginia,1987,3
West Virginia,1988,
West Virginia,1989,
West Virginia,1990,
West Virginia,1991,
West Virginia,1992,
West Virginia,1993,
West Virginia,1994,
West Virginia,1995,
West Virginia,1996,
West Virginia,1997,
West Virginia,1998,
West Virginia,1999,
West Virginia,2000,
West Virginia,2001,
West Virginia,2002,
West Virginia,2003,
West Virginia,2004,
West Virginia,2005,
West Virginia,2006,
West Virginia,2007,
West Virginia,2008,
West Virginia,2009,
West Virginia,2010,
West Virginia,2011,
West Virginia,2012,
West Virginia,2013,
West Virginia,2014,
West Virginia,2015,
West Virginia,2016,
West Virginia,2017,
West Virginia,2018,
Wisconsin,1980,2
Wisconsin,1981,21
Wisconsin,1982,
Wisconsin,1983,8
Wisconsin,1984,3
Wisconsin,1985,24
Wisconsin,1986,
Wisconsin,1987,
Wisconsin,1988,2
Wisconsin,1989,
Wisconsin,1990,3
Wisconsin,1991,2
Wisconsin,1992,
Wisconsin,1993,
Wisconsin,1994,
Wisconsin,1995,
Wisconsin,1996,
Wisconsin,1997,
Wisconsin,1998,
Wisconsin,1999,
Wisconsin,2000,
Wisconsin,2001,12
Wisconsin,2002,25
Wisconsin,2003,13
Wisconsin,2004,10
Wisconsin,2005,1
Wisconsin,2006,1
Wisconsin,2007,7
Wisconsin,2008,4
Wisconsin,2009,
Wisconsin,2010,7
Wisconsin,2011,1
Wisconsin,2012,13
Wisconsin,2013,1
Wisconsin,2014,
Wisconsin,2015,10
Wisconsin,2016,26
Wisconsin,2017,1
Wisconsin,2018,7
Wyoming,1980,
Wyoming,1981,
Wyoming,1982,7
Wyoming,1983,14
Wyoming,1984,7
Wyoming,1985,2
Wyoming,1986,
Wyoming,1987,
Wyoming,1988,
Wyoming,1989,5
Wyoming,1990,
Wyoming,1991,
Wyoming,1992,
Wyoming,1993,
Wyoming,1994,
Wyoming,1995,
Wyoming,1996,
Wyoming,1997,
Wyoming,1998,
Wyoming,1999,
Wyoming,2000,
Wyoming,2001,
Wyoming,2002,
Wyoming,2003,
Wyoming,2004,
Wyoming,2005,
Wyoming,2006,
Wyoming,2007,
Wyoming,2008,
Wyoming,2009,
Wyoming,2010,
Wyoming,2011,
Wyoming,2012,
Wyoming,2013,
Wyoming,2014,
Wyoming,2015,
Wyoming,2016,
Wyoming,2017,
Wyoming,2018,